Тип_регистра,Секция,Колонка_1,Колонка_2,Колонка_3,Колонка_4
Holding,Общие системные переменные и уставки (0-29),0.0,stCommands.cmdStartCommon,Команда общего ПУСК,
Holding,Общие системные переменные и уставки (0-29),0.1,stCommands.cmdStopCommon,Команда общего СТОП,
Holding,Общие системные переменные и уставки (0-29),0.2,stCommands.cmdEmergencyStopCommon,Команда аварийного СТОП,
Holding,Общие системные переменные и уставки (0-29),0.3,stCommands.cmdResetAll,Общий сброс ошибок,
Holding,Общие системные переменные и уставки (0-29),0.4,РЕЗЕРВ,Резерв,
Holding,Общие системные переменные и уставки (0-29),0.5,РЕЗЕРВ,Резерв,
Holding,Общие системные переменные и уставки (0-29),0.6,РЕЗЕРВ,Резерв,
Holding,Общие системные переменные и уставки (0-29),0.7,РЕЗЕРВ,Резерв,
Holding,Общие системные переменные и уставки (0-29),0.8,РЕЗЕРВ,Резерв,
Holding,Общие системные переменные и уставки (0-29),0.9,РЕЗЕРВ,Резерв,
Holding,Общие системные переменные и уставки (0-29),0.10,РЕЗЕРВ,Резерв,
Holding,Общие системные переменные и уставки (0-29),0.11,РЕЗЕРВ,Резерв,
Holding,Общие системные переменные и уставки (0-29),0.12,РЕЗЕРВ,Резерв,
Holding,Общие системные переменные и уставки (0-29),0.13,РЕЗЕРВ,Резерв,
Holding,Общие системные переменные и уставки (0-29),0.14,РЕЗЕРВ,Резерв,
Holding,Общие системные переменные и уставки (0-29),0.15,РЕЗЕРВ,Резерв,
Holding,Общие системные переменные и уставки (0-29),1.0,РЕЗЕРВ,Резерв,
Holding,Общие системные переменные и уставки (0-29),1.1,РЕЗЕРВ,Резерв,
Holding,Общие системные переменные и уставки (0-29),1.2,РЕЗЕРВ,Резерв,
Holding,Общие системные переменные и уставки (0-29),1.3,РЕЗЕРВ,Резерв,
Holding,Общие системные переменные и уставки (0-29),1.4,РЕЗЕРВ,Резерв,
Holding,Общие системные переменные и уставки (0-29),1.5,РЕЗЕРВ,Резерв,
Holding,Общие системные переменные и уставки (0-29),1.6,РЕЗЕРВ,Резерв,
Holding,Общие системные переменные и уставки (0-29),1.7,РЕЗЕРВ,Резерв,
Holding,Общие системные переменные и уставки (0-29),1.8,РЕЗЕРВ,Резерв,
Holding,Общие системные переменные и уставки (0-29),1.9,РЕЗЕРВ,Резерв,
Holding,Общие системные переменные и уставки (0-29),1.10,РЕЗЕРВ,Резерв,
Holding,Общие системные переменные и уставки (0-29),1.11,РЕЗЕРВ,Резерв,
Holding,Общие системные переменные и уставки (0-29),1.12,РЕЗЕРВ,Резерв,
Holding,Общие системные переменные и уставки (0-29),1.13,РЕЗЕРВ,Резерв,
Holding,Общие системные переменные и уставки (0-29),1.14,РЕЗЕРВ,Резерв,
Holding,Общие системные переменные и уставки (0-29),1.15,РЕЗЕРВ,Резерв,
Holding,Общие системные переменные и уставки (0-29),2-3,-,РЕЗЕРВ,РЕЗЕРВ
Holding,Общие системные переменные и уставки (0-29),4-5,REAL,rElectricityMeter,Расход электроэнергии
Holding,Общие системные переменные и уставки (0-29),6-7,REAL,EFFICIENCY_LIMIT_RATE,Коэффициент ограничения производ.
Holding,Общие системные переменные и уставки (0-29),8-9,REAL,ANNUNCIATOR_LIGHT_HZ,Частота световой индикации
Holding,Общие системные переменные и уставки (0-29),10-29,-,РЕЗЕРВ,Резерв для будущих переменных
Holding,Уставки ЧРП (30-59),30.0,VFD_SMOOTH_SET_FREQUENCY,Опция плавного задания частоты,
Holding,Уставки ЧРП (30-59),30.1,РЕЗЕРВ,Резерв,
Holding,Уставки ЧРП (30-59),30.2,РЕЗЕРВ,Резерв,
Holding,Уставки ЧРП (30-59),30.3,РЕЗЕРВ,Резерв,
Holding,Уставки ЧРП (30-59),30.4,РЕЗЕРВ,Резерв,
Holding,Уставки ЧРП (30-59),30.5,РЕЗЕРВ,Резерв,
Holding,Уставки ЧРП (30-59),30.6,РЕЗЕРВ,Резерв,
Holding,Уставки ЧРП (30-59),30.7,РЕЗЕРВ,Резерв,
Holding,Уставки ЧРП (30-59),30.8,РЕЗЕРВ,Резерв,
Holding,Уставки ЧРП (30-59),30.9,РЕЗЕРВ,Резерв,
Holding,Уставки ЧРП (30-59),30.10,РЕЗЕРВ,Резерв,
Holding,Уставки ЧРП (30-59),30.11,РЕЗЕРВ,Резерв,
Holding,Уставки ЧРП (30-59),30.12,РЕЗЕРВ,Резерв,
Holding,Уставки ЧРП (30-59),30.13,РЕЗЕРВ,Резерв,
Holding,Уставки ЧРП (30-59),30.14,РЕЗЕРВ,Резерв,
Holding,Уставки ЧРП (30-59),30.15,РЕЗЕРВ,Резерв,
Holding,Уставки ЧРП (30-59),31.0,РЕЗЕРВ,Резерв,
Holding,Уставки ЧРП (30-59),31.1,РЕЗЕРВ,Резерв,
Holding,Уставки ЧРП (30-59),31.2,РЕЗЕРВ,Резерв,
Holding,Уставки ЧРП (30-59),31.3,РЕЗЕРВ,Резерв,
Holding,Уставки ЧРП (30-59),31.4,РЕЗЕРВ,Резерв,
Holding,Уставки ЧРП (30-59),31.5,РЕЗЕРВ,Резерв,
Holding,Уставки ЧРП (30-59),31.6,РЕЗЕРВ,Резерв,
Holding,Уставки ЧРП (30-59),31.7,РЕЗЕРВ,Резерв,
Holding,Уставки ЧРП (30-59),31.8,РЕЗЕРВ,Резерв,
Holding,Уставки ЧРП (30-59),31.9,РЕЗЕРВ,Резерв,
Holding,Уставки ЧРП (30-59),31.10,РЕЗЕРВ,Резерв,
Holding,Уставки ЧРП (30-59),31.11,РЕЗЕРВ,Резерв,
Holding,Уставки ЧРП (30-59),31.12,РЕЗЕРВ,Резерв,
Holding,Уставки ЧРП (30-59),31.13,РЕЗЕРВ,Резерв,
Holding,Уставки ЧРП (30-59),31.14,РЕЗЕРВ,Резерв,
Holding,Уставки ЧРП (30-59),31.15,РЕЗЕРВ,Резерв,
Holding,Уставки ЧРП (30-59),32-33,REAL,VFD_FREQUENCY_MAX,Максимальная частота ЧРП
Holding,Уставки ЧРП (30-59),34-35,REAL,VFD_FREQUENCY_STEP,Шаг изменения частоты
Holding,Уставки ЧРП (30-59),36-37,REAL,VFD_FREQUENCY_INACCURANCY,Погрешность частоты
Holding,Уставки ЧРП (30-59),38-39,REAL,VFD_FREQUENCY_SYNC_TOLERANCE,Допуск синхронизации моторов
Holding,Уставки ЧРП (30-59),40-41,REAL,MOTOR_FREQUENCY_CONVEYOR,Частота мотора конвейера
Holding,Уставки ЧРП (30-59),42-43,REAL,MOTOR_FREQUENCY_DUMPER_CONVEYOR,Частота мотора конвейера отвала
Holding,Уставки ЧРП (30-59),44-45,REAL,MOTOR_FREQUENCY_DUMPER_ROTATION,Частота мотора поворота отвала
Holding,Уставки ЧРП (30-59),46-47,REAL,CONVEYOR_DEAFULT_SPEED,Скорость конвейера по умолчанию
Holding,Уставки ЧРП (30-59),48-59,-,РЕЗЕРВ,Резерв для будущих уставок ЧРП
Holding,Уставки бункеров (60-89),60.0,РЕЗЕРВ,Резерв,
Holding,Уставки бункеров (60-89),60.1,РЕЗЕРВ,Резерв,
Holding,Уставки бункеров (60-89),60.2,РЕЗЕРВ,Резерв,
Holding,Уставки бункеров (60-89),60.3,РЕЗЕРВ,Резерв,
Holding,Уставки бункеров (60-89),60.4,РЕЗЕРВ,Резерв,
Holding,Уставки бункеров (60-89),60.5,РЕЗЕРВ,Резерв,
Holding,Уставки бункеров (60-89),60.6,РЕЗЕРВ,Резерв,
Holding,Уставки бункеров (60-89),60.7,РЕЗЕРВ,Резерв,
Holding,Уставки бункеров (60-89),60.8,РЕЗЕРВ,Резерв,
Holding,Уставки бункеров (60-89),60.9,РЕЗЕРВ,Резерв,
Holding,Уставки бункеров (60-89),60.10,РЕЗЕРВ,Резерв,
Holding,Уставки бункеров (60-89),60.11,РЕЗЕРВ,Резерв,
Holding,Уставки бункеров (60-89),60.12,РЕЗЕРВ,Резерв,
Holding,Уставки бункеров (60-89),60.13,РЕЗЕРВ,Резерв,
Holding,Уставки бункеров (60-89),60.14,РЕЗЕРВ,Резерв,
Holding,Уставки бункеров (60-89),60.15,РЕЗЕРВ,Резерв,
Holding,Уставки бункеров (60-89),61.0,РЕЗЕРВ,Резерв,
Holding,Уставки бункеров (60-89),61.1,РЕЗЕРВ,Резерв,
Holding,Уставки бункеров (60-89),61.2,РЕЗЕРВ,Резерв,
Holding,Уставки бункеров (60-89),61.3,РЕЗЕРВ,Резерв,
Holding,Уставки бункеров (60-89),61.4,РЕЗЕРВ,Резерв,
Holding,Уставки бункеров (60-89),61.5,РЕЗЕРВ,Резерв,
Holding,Уставки бункеров (60-89),61.6,РЕЗЕРВ,Резерв,
Holding,Уставки бункеров (60-89),61.7,РЕЗЕРВ,Резерв,
Holding,Уставки бункеров (60-89),61.8,РЕЗЕРВ,Резерв,
Holding,Уставки бункеров (60-89),61.9,РЕЗЕРВ,Резерв,
Holding,Уставки бункеров (60-89),61.10,РЕЗЕРВ,Резерв,
Holding,Уставки бункеров (60-89),61.11,РЕЗЕРВ,Резерв,
Holding,Уставки бункеров (60-89),61.12,РЕЗЕРВ,Резерв,
Holding,Уставки бункеров (60-89),61.13,РЕЗЕРВ,Резерв,
Holding,Уставки бункеров (60-89),61.14,РЕЗЕРВ,Резерв,
Holding,Уставки бункеров (60-89),61.15,РЕЗЕРВ,Резерв,
Holding,Уставки бункеров (60-89),62-63,REAL,BUNKER_WORK_PRECENT_1,Пропорция шихтования бункера 1
Holding,Уставки бункеров (60-89),64-65,REAL,BUNKER_WORK_PRECENT_2,Пропорция шихтования бункера 2
Holding,Уставки бункеров (60-89),66-67,REAL,BUNKER_WORK_PRECENT_3,Пропорция шихтования бункера 3
Holding,Уставки бункеров (60-89),68-69,REAL,BUNKER_MINIMAL_WEIGHT,Минимальный вес бункера
Holding,Уставки бункеров (60-89),70-89,-,РЕЗЕРВ,Резерв для уставок бункеров
Holding,Уставки аварийных значений - Температура (90-119),90.0,РЕЗЕРВ,Резерв,
Holding,Уставки аварийных значений - Температура (90-119),90.1,РЕЗЕРВ,Резерв,
Holding,Уставки аварийных значений - Температура (90-119),90.2,РЕЗЕРВ,Резерв,
Holding,Уставки аварийных значений - Температура (90-119),90.3,РЕЗЕРВ,Резерв,
Holding,Уставки аварийных значений - Температура (90-119),90.4,РЕЗЕРВ,Резерв,
Holding,Уставки аварийных значений - Температура (90-119),90.5,РЕЗЕРВ,Резерв,
Holding,Уставки аварийных значений - Температура (90-119),90.6,РЕЗЕРВ,Резерв,
Holding,Уставки аварийных значений - Температура (90-119),90.7,РЕЗЕРВ,Резерв,
Holding,Уставки аварийных значений - Температура (90-119),90.8,РЕЗЕРВ,Резерв,
Holding,Уставки аварийных значений - Температура (90-119),90.9,РЕЗЕРВ,Резерв,
Holding,Уставки аварийных значений - Температура (90-119),90.10,РЕЗЕРВ,Резерв,
Holding,Уставки аварийных значений - Температура (90-119),90.11,РЕЗЕРВ,Резерв,
Holding,Уставки аварийных значений - Температура (90-119),90.12,РЕЗЕРВ,Резерв,
Holding,Уставки аварийных значений - Температура (90-119),90.13,РЕЗЕРВ,Резерв,
Holding,Уставки аварийных значений - Температура (90-119),90.14,РЕЗЕРВ,Резерв,
Holding,Уставки аварийных значений - Температура (90-119),90.15,РЕЗЕРВ,Резерв,
Holding,Уставки аварийных значений - Температура (90-119),91.0,РЕЗЕРВ,Резерв,
Holding,Уставки аварийных значений - Температура (90-119),91.1,РЕЗЕРВ,Резерв,
Holding,Уставки аварийных значений - Температура (90-119),91.2,РЕЗЕРВ,Резерв,
Holding,Уставки аварийных значений - Температура (90-119),91.3,РЕЗЕРВ,Резерв,
Holding,Уставки аварийных значений - Температура (90-119),91.4,РЕЗЕРВ,Резерв,
Holding,Уставки аварийных значений - Температура (90-119),91.5,РЕЗЕРВ,Резерв,
Holding,Уставки аварийных значений - Температура (90-119),91.6,РЕЗЕРВ,Резерв,
Holding,Уставки аварийных значений - Температура (90-119),91.7,РЕЗЕРВ,Резерв,
Holding,Уставки аварийных значений - Температура (90-119),91.8,РЕЗЕРВ,Резерв,
Holding,Уставки аварийных значений - Температура (90-119),91.9,РЕЗЕРВ,Резерв,
Holding,Уставки аварийных значений - Температура (90-119),91.10,РЕЗЕРВ,Резерв,
Holding,Уставки аварийных значений - Температура (90-119),91.11,РЕЗЕРВ,Резерв,
Holding,Уставки аварийных значений - Температура (90-119),91.12,РЕЗЕРВ,Резерв,
Holding,Уставки аварийных значений - Температура (90-119),91.13,РЕЗЕРВ,Резерв,
Holding,Уставки аварийных значений - Температура (90-119),91.14,РЕЗЕРВ,Резерв,
Holding,Уставки аварийных значений - Температура (90-119),91.15,РЕЗЕРВ,Резерв,
Holding,Уставки аварийных значений - Температура (90-119),92-93,REAL,MOTOR_VIBFEEDER_TEMP_POINTS.LL_Value,Вибропитатель - температура LL
Holding,Уставки аварийных значений - Температура (90-119),94-95,REAL,MOTOR_VIBFEEDER_TEMP_POINTS.L_Value,Вибропитатель - температура L
Holding,Уставки аварийных значений - Температура (90-119),96-97,REAL,MOTOR_VIBFEEDER_TEMP_POINTS.H_Value,Вибропитатель - температура H
Holding,Уставки аварийных значений - Температура (90-119),98-99,REAL,MOTOR_VIBFEEDER_TEMP_POINTS.HH_Value,Вибропитатель - температура HH
Holding,Уставки аварийных значений - Температура (90-119),100-119,-,РЕЗЕРВ,Резерв для уставок температуры
Holding,Уставки аварийных значений - Ток (120-149),120.0,РЕЗЕРВ,Резерв,
Holding,Уставки аварийных значений - Ток (120-149),120.1,РЕЗЕРВ,Резерв,
Holding,Уставки аварийных значений - Ток (120-149),120.2,РЕЗЕРВ,Резерв,
Holding,Уставки аварийных значений - Ток (120-149),120.3,РЕЗЕРВ,Резерв,
Holding,Уставки аварийных значений - Ток (120-149),120.4,РЕЗЕРВ,Резерв,
Holding,Уставки аварийных значений - Ток (120-149),120.5,РЕЗЕРВ,Резерв,
Holding,Уставки аварийных значений - Ток (120-149),120.6,РЕЗЕРВ,Резерв,
Holding,Уставки аварийных значений - Ток (120-149),120.7,РЕЗЕРВ,Резерв,
Holding,Уставки аварийных значений - Ток (120-149),120.8,РЕЗЕРВ,Резерв,
Holding,Уставки аварийных значений - Ток (120-149),120.9,РЕЗЕРВ,Резерв,
Holding,Уставки аварийных значений - Ток (120-149),120.10,РЕЗЕРВ,Резерв,
Holding,Уставки аварийных значений - Ток (120-149),120.11,РЕЗЕРВ,Резерв,
Holding,Уставки аварийных значений - Ток (120-149),120.12,РЕЗЕРВ,Резерв,
Holding,Уставки аварийных значений - Ток (120-149),120.13,РЕЗЕРВ,Резерв,
Holding,Уставки аварийных значений - Ток (120-149),120.14,РЕЗЕРВ,Резерв,
Holding,Уставки аварийных значений - Ток (120-149),120.15,РЕЗЕРВ,Резерв,
Holding,Уставки аварийных значений - Ток (120-149),121.0,РЕЗЕРВ,Резерв,
Holding,Уставки аварийных значений - Ток (120-149),121.1,РЕЗЕРВ,Резерв,
Holding,Уставки аварийных значений - Ток (120-149),121.2,РЕЗЕРВ,Резерв,
Holding,Уставки аварийных значений - Ток (120-149),121.3,РЕЗЕРВ,Резерв,
Holding,Уставки аварийных значений - Ток (120-149),121.4,РЕЗЕРВ,Резерв,
Holding,Уставки аварийных значений - Ток (120-149),121.5,РЕЗЕРВ,Резерв,
Holding,Уставки аварийных значений - Ток (120-149),121.6,РЕЗЕРВ,Резерв,
Holding,Уставки аварийных значений - Ток (120-149),121.7,РЕЗЕРВ,Резерв,
Holding,Уставки аварийных значений - Ток (120-149),121.8,РЕЗЕРВ,Резерв,
Holding,Уставки аварийных значений - Ток (120-149),121.9,РЕЗЕРВ,Резерв,
Holding,Уставки аварийных значений - Ток (120-149),121.10,РЕЗЕРВ,Резерв,
Holding,Уставки аварийных значений - Ток (120-149),121.11,РЕЗЕРВ,Резерв,
Holding,Уставки аварийных значений - Ток (120-149),121.12,РЕЗЕРВ,Резерв,
Holding,Уставки аварийных значений - Ток (120-149),121.13,РЕЗЕРВ,Резерв,
Holding,Уставки аварийных значений - Ток (120-149),121.14,РЕЗЕРВ,Резерв,
Holding,Уставки аварийных значений - Ток (120-149),121.15,РЕЗЕРВ,Резерв,
Holding,Уставки аварийных значений - Ток (120-149),122-123,REAL,MOTOR_VIBFEEDER_CURRENT_POINTS.LL_Value,Вибропитатель - ток LL
Holding,Уставки аварийных значений - Ток (120-149),124-125,REAL,MOTOR_VIBFEEDER_CURRENT_POINTS.L_Value,Вибропитатель - ток L
Holding,Уставки аварийных значений - Ток (120-149),126-127,REAL,MOTOR_VIBFEEDER_CURRENT_POINTS.H_Value,Вибропитатель - ток H
Holding,Уставки аварийных значений - Ток (120-149),128-129,REAL,MOTOR_VIBFEEDER_CURRENT_POINTS.HH_Value,Вибропитатель - ток HH
Holding,Уставки аварийных значений - Ток (120-149),130-131,REAL,MOTOR_VIBRATOR_CURRENT_POINTS.LL_Value,Вибратор - ток LL
Holding,Уставки аварийных значений - Ток (120-149),132-133,REAL,MOTOR_VIBRATOR_CURRENT_POINTS.L_Value,Вибратор - ток L
Holding,Уставки аварийных значений - Ток (120-149),134-135,REAL,MOTOR_VIBRATOR_CURRENT_POINTS.H_Value,Вибратор - ток H
Holding,Уставки аварийных значений - Ток (120-149),136-137,REAL,MOTOR_VIBRATOR_CURRENT_POINTS.HH_Value,Вибратор - ток HH
Holding,Уставки аварийных значений - Ток (120-149),138-139,REAL,MOTOR_CONVEYOR_CURRENT_POINTS.LL_Value,Конвейер - ток LL
Holding,Уставки аварийных значений - Ток (120-149),140-141,REAL,MOTOR_CONVEYOR_CURRENT_POINTS.L_Value,Конвейер - ток L
Holding,Уставки аварийных значений - Ток (120-149),142-143,REAL,MOTOR_CONVEYOR_CURRENT_POINTS.H_Value,Конвейер - ток H
Holding,Уставки аварийных значений - Ток (120-149),144-145,REAL,MOTOR_CONVEYOR_CURRENT_POINTS.HH_Value,Конвейер - ток HH
Holding,Уставки аварийных значений - Ток (120-149),146-147,REAL,MOTOR_ROTATION_CURRENT_POINTS.LL_Value,Поворот - ток LL
Holding,Уставки аварийных значений - Ток (120-149),148-149,REAL,MOTOR_ROTATION_CURRENT_POINTS.L_Value,Поворот - ток L
Holding,Уставки времени (150-179),150.0,РЕЗЕРВ,Резерв,
Holding,Уставки времени (150-179),150.1,РЕЗЕРВ,Резерв,
Holding,Уставки времени (150-179),150.2,РЕЗЕРВ,Резерв,
Holding,Уставки времени (150-179),150.3,РЕЗЕРВ,Резерв,
Holding,Уставки времени (150-179),150.4,РЕЗЕРВ,Резерв,
Holding,Уставки времени (150-179),150.5,РЕЗЕРВ,Резерв,
Holding,Уставки времени (150-179),150.6,РЕЗЕРВ,Резерв,
Holding,Уставки времени (150-179),150.7,РЕЗЕРВ,Резерв,
Holding,Уставки времени (150-179),150.8,РЕЗЕРВ,Резерв,
Holding,Уставки времени (150-179),150.9,РЕЗЕРВ,Резерв,
Holding,Уставки времени (150-179),150.10,РЕЗЕРВ,Резерв,
Holding,Уставки времени (150-179),150.11,РЕЗЕРВ,Резерв,
Holding,Уставки времени (150-179),150.12,РЕЗЕРВ,Резерв,
Holding,Уставки времени (150-179),150.13,РЕЗЕРВ,Резерв,
Holding,Уставки времени (150-179),150.14,РЕЗЕРВ,Резерв,
Holding,Уставки времени (150-179),150.15,РЕЗЕРВ,Резерв,
Holding,Уставки времени (150-179),151.0,РЕЗЕРВ,Резерв,
Holding,Уставки времени (150-179),151.1,РЕЗЕРВ,Резерв,
Holding,Уставки времени (150-179),151.2,РЕЗЕРВ,Резерв,
Holding,Уставки времени (150-179),151.3,РЕЗЕРВ,Резерв,
Holding,Уставки времени (150-179),151.4,РЕЗЕРВ,Резерв,
Holding,Уставки времени (150-179),151.5,РЕЗЕРВ,Резерв,
Holding,Уставки времени (150-179),151.6,РЕЗЕРВ,Резерв,
Holding,Уставки времени (150-179),151.7,РЕЗЕРВ,Резерв,
Holding,Уставки времени (150-179),151.8,РЕЗЕРВ,Резерв,
Holding,Уставки времени (150-179),151.9,РЕЗЕРВ,Резерв,
Holding,Уставки времени (150-179),151.10,РЕЗЕРВ,Резерв,
Holding,Уставки времени (150-179),151.11,РЕЗЕРВ,Резерв,
Holding,Уставки времени (150-179),151.12,РЕЗЕРВ,Резерв,
Holding,Уставки времени (150-179),151.13,РЕЗЕРВ,Резерв,
Holding,Уставки времени (150-179),151.14,РЕЗЕРВ,Резерв,
Holding,Уставки времени (150-179),151.15,РЕЗЕРВ,Резерв,
Holding,Уставки времени (150-179),152-153,REAL,MOTOR_ROTATION_CURRENT_POINTS.H_Value,Поворот - ток H
Holding,Уставки времени (150-179),154-155,REAL,MOTOR_ROTATION_CURRENT_POINTS.HH_Value,Поворот - ток HH
Holding,Уставки времени (150-179),156-157,REAL,VIBRATOR_SETTINGS.TIME_ACTIVE,Виброобрушение - время активности
Holding,Уставки времени (150-179),158-159,REAL,VIBRATOR_SETTINGS.TIME_PAUSE_VIBRATOR,Виброобрушение - пауза вибратора
Holding,Уставки времени (150-179),160-161,REAL,VIBRATOR_SETTINGS.TIME_PAUSE_FB,Виброобрушение - пауза ФБ
Holding,Уставки времени (150-179),162-163,REAL,PNEUMO_SETTINGS.TIME_ACTIVE,Пневмообрушение - время активности
Holding,Уставки времени (150-179),164-165,REAL,PNEUMO_SETTINGS.TIME_PAUSE_VIBRATOR,Пневмообрушение - пауза
Holding,Уставки времени (150-179),166-167,REAL,PNEUMO_SETTINGS.TIME_PAUSE_FB,Пневмообрушение - пауза ФБ
Holding,Уставки времени (150-179),168-169,REAL,TIME_WAITING_FEEDBACK,Таймер ожидания обратной связи
Holding,Уставки времени (150-179),170-171,REAL,PNEUMATIC_COLLAPSE_TIME,Время пневмообрушения
Holding,Уставки времени (150-179),172-173,REAL,DUMPER_CONVEYOR_PRESTART_ALARM_SETTINGS.TIME_FIRST_SIGNAL,ППЗ отвала - 1-й сигнал
Holding,Уставки времени (150-179),174-175,REAL,DUMPER_CONVEYOR_PRESTART_ALARM_SETTINGS.TIME_FIRST_SIGNAL_PAUSE,ППЗ отвала - пауза 1-го
Holding,Уставки времени (150-179),176-177,REAL,DUMPER_CONVEYOR_PRESTART_ALARM_SETTINGS.TIME_SECOND_SIGNAL,ППЗ отвала - 2-й сигнал
Holding,Уставки времени (150-179),178-179,REAL,DUMPER_CONVEYOR_PRESTART_ALARM_SETTINGS.TIME_SECOND_SIGNAL_PAUSE,ППЗ отвала - пауза 2-го
Holding,Уставки времени (продолжение) (180-209),180.0,РЕЗЕРВ,Резерв,
Holding,Уставки времени (продолжение) (180-209),180.1,РЕЗЕРВ,Резерв,
Holding,Уставки времени (продолжение) (180-209),180.2,РЕЗЕРВ,Резерв,
Holding,Уставки времени (продолжение) (180-209),180.3,РЕЗЕРВ,Резерв,
Holding,Уставки времени (продолжение) (180-209),180.4,РЕЗЕРВ,Резерв,
Holding,Уставки времени (продолжение) (180-209),180.5,РЕЗЕРВ,Резерв,
Holding,Уставки времени (продолжение) (180-209),180.6,РЕЗЕРВ,Резерв,
Holding,Уставки времени (продолжение) (180-209),180.7,РЕЗЕРВ,Резерв,
Holding,Уставки времени (продолжение) (180-209),180.8,РЕЗЕРВ,Резерв,
Holding,Уставки времени (продолжение) (180-209),180.9,РЕЗЕРВ,Резерв,
Holding,Уставки времени (продолжение) (180-209),180.10,РЕЗЕРВ,Резерв,
Holding,Уставки времени (продолжение) (180-209),180.11,РЕЗЕРВ,Резерв,
Holding,Уставки времени (продолжение) (180-209),180.12,РЕЗЕРВ,Резерв,
Holding,Уставки времени (продолжение) (180-209),180.13,РЕЗЕРВ,Резерв,
Holding,Уставки времени (продолжение) (180-209),180.14,РЕЗЕРВ,Резерв,
Holding,Уставки времени (продолжение) (180-209),180.15,РЕЗЕРВ,Резерв,
Holding,Уставки времени (продолжение) (180-209),181.0,РЕЗЕРВ,Резерв,
Holding,Уставки времени (продолжение) (180-209),181.1,РЕЗЕРВ,Резерв,
Holding,Уставки времени (продолжение) (180-209),181.2,РЕЗЕРВ,Резерв,
Holding,Уставки времени (продолжение) (180-209),181.3,РЕЗЕРВ,Резерв,
Holding,Уставки времени (продолжение) (180-209),181.4,РЕЗЕРВ,Резерв,
Holding,Уставки времени (продолжение) (180-209),181.5,РЕЗЕРВ,Резерв,
Holding,Уставки времени (продолжение) (180-209),181.6,РЕЗЕРВ,Резерв,
Holding,Уставки времени (продолжение) (180-209),181.7,РЕЗЕРВ,Резерв,
Holding,Уставки времени (продолжение) (180-209),181.8,РЕЗЕРВ,Резерв,
Holding,Уставки времени (продолжение) (180-209),181.9,РЕЗЕРВ,Резерв,
Holding,Уставки времени (продолжение) (180-209),181.10,РЕЗЕРВ,Резерв,
Holding,Уставки времени (продолжение) (180-209),181.11,РЕЗЕРВ,Резерв,
Holding,Уставки времени (продолжение) (180-209),181.12,РЕЗЕРВ,Резерв,
Holding,Уставки времени (продолжение) (180-209),181.13,РЕЗЕРВ,Резерв,
Holding,Уставки времени (продолжение) (180-209),181.14,РЕЗЕРВ,Резерв,
Holding,Уставки времени (продолжение) (180-209),181.15,РЕЗЕРВ,Резерв,
Holding,Уставки времени (продолжение) (180-209),182-183,REAL,CONVEYOR_PRESTART_ALARM_SETTINGS.TIME_FIRST_SIGNAL,ППЗ конвейера - 1-й сигнал
Holding,Уставки времени (продолжение) (180-209),184-185,REAL,CONVEYOR_PRESTART_ALARM_SETTINGS.TIME_FIRST_SIGNAL_PAUSE,ППЗ конвейера - пауза 1-го
Holding,Уставки времени (продолжение) (180-209),186-187,REAL,CONVEYOR_PRESTART_ALARM_SETTINGS.TIME_SECOND_SIGNAL,ППЗ конвейера - 2-й сигнал
Holding,Уставки времени (продолжение) (180-209),188-189,REAL,CONVEYOR_PRESTART_ALARM_SETTINGS.TIME_SECOND_SIGNAL_PAUSE,ППЗ конвейера - пауза 2-го
Holding,Уставки времени (продолжение) (180-209),190-209,-,РЕЗЕРВ,Резерв для уставок времени
Holding,Командные частоты - Отвалообразователь (210-239),210.0,stDumper.cmdStartConveyor,Команда пуска конвейера отвала,
Holding,Командные частоты - Отвалообразователь (210-239),210.1,stDumper.cmdStopConveyor,Команда останова конвейера отвала,
Holding,Командные частоты - Отвалообразователь (210-239),210.2,stDumper.cmdEmergencyStop,Команда аварийной остановки,
Holding,Командные частоты - Отвалообразователь (210-239),210.3,stDumper.cmdTurnLeft,Команда поворота влево,
Holding,Командные частоты - Отвалообразователь (210-239),210.4,stDumper.cmdTurnRight,Команда поворота вправо,
Holding,Командные частоты - Отвалообразователь (210-239),210.5,stDumper.cmdReset,Сброс ошибок отвалообразователя,
Holding,Командные частоты - Отвалообразователь (210-239),210.6,DUMPER_CONVEYOR_PRESTART_ALARM_SETTINGS.OPTION_ENABLE,Опция включения ППЗ отвала,
Holding,Командные частоты - Отвалообразователь (210-239),210.7,РЕЗЕРВ,Резерв,
Holding,Командные частоты - Отвалообразователь (210-239),210.8,РЕЗЕРВ,Резерв,
Holding,Командные частоты - Отвалообразователь (210-239),210.9,РЕЗЕРВ,Резерв,
Holding,Командные частоты - Отвалообразователь (210-239),210.10,РЕЗЕРВ,Резерв,
Holding,Командные частоты - Отвалообразователь (210-239),210.11,РЕЗЕРВ,Резерв,
Holding,Командные частоты - Отвалообразователь (210-239),210.12,РЕЗЕРВ,Резерв,
Holding,Командные частоты - Отвалообразователь (210-239),210.13,РЕЗЕРВ,Резерв,
Holding,Командные частоты - Отвалообразователь (210-239),210.14,РЕЗЕРВ,Резерв,
Holding,Командные частоты - Отвалообразователь (210-239),210.15,РЕЗЕРВ,Резерв,
Holding,Командные частоты - Отвалообразователь (210-239),211.0,РЕЗЕРВ,Резерв,
Holding,Командные частоты - Отвалообразователь (210-239),211.1,РЕЗЕРВ,Резерв,
Holding,Командные частоты - Отвалообразователь (210-239),211.2,РЕЗЕРВ,Резерв,
Holding,Командные частоты - Отвалообразователь (210-239),211.3,РЕЗЕРВ,Резерв,
Holding,Командные частоты - Отвалообразователь (210-239),211.4,РЕЗЕРВ,Резерв,
Holding,Командные частоты - Отвалообразователь (210-239),211.5,РЕЗЕРВ,Резерв,
Holding,Командные частоты - Отвалообразователь (210-239),211.6,РЕЗЕРВ,Резерв,
Holding,Командные частоты - Отвалообразователь (210-239),211.7,РЕЗЕРВ,Резерв,
Holding,Командные частоты - Отвалообразователь (210-239),211.8,РЕЗЕРВ,Резерв,
Holding,Командные частоты - Отвалообразователь (210-239),211.9,РЕЗЕРВ,Резерв,
Holding,Командные частоты - Отвалообразователь (210-239),211.10,РЕЗЕРВ,Резерв,
Holding,Командные частоты - Отвалообразователь (210-239),211.11,РЕЗЕРВ,Резерв,
Holding,Командные частоты - Отвалообразователь (210-239),211.12,РЕЗЕРВ,Резерв,
Holding,Командные частоты - Отвалообразователь (210-239),211.13,РЕЗЕРВ,Резерв,
Holding,Командные частоты - Отвалообразователь (210-239),211.14,РЕЗЕРВ,Резерв,
Holding,Командные частоты - Отвалообразователь (210-239),211.15,РЕЗЕРВ,Резерв,
Holding,Командные частоты - Отвалообразователь (210-239),212-213,REAL,stDumper.MotorConveyor[1].VFD.cmdSetFrequency,Конвейер 1 - командная частота
Holding,Командные частоты - Отвалообразователь (210-239),214-215,REAL,stDumper.MotorConveyor[2].VFD.cmdSetFrequency,Конвейер 2 - командная частота
Holding,Командные частоты - Отвалообразователь (210-239),216-217,REAL,stDumper.MotorRotation[1].VFD.cmdSetFrequency,Поворот 1 - командная частота
Holding,Командные частоты - Отвалообразователь (210-239),218-219,REAL,stDumper.MotorRotation[2].VFD.cmdSetFrequency,Поворот 2 - командная частота
Holding,Командные частоты - Отвалообразователь (210-239),220-239,-,РЕЗЕРВ,Резерв для отвалообразователя
Holding,Командные частоты - Конвейер (240-269),240.0,stConveyor.cmdStartConveyor,Команда пуска конвейера,
Holding,Командные частоты - Конвейер (240-269),240.1,stConveyor.cmdStopConveyor,Команда останова конвейера,
Holding,Командные частоты - Конвейер (240-269),240.2,stConveyor.cmdEmergencyStop,Команда аварийной остановки,
Holding,Командные частоты - Конвейер (240-269),240.3,stConveyor.cmdReset,Сброс ошибок конвейера,
Holding,Командные частоты - Конвейер (240-269),240.4,CONVEYOR_PRESTART_ALARM_SETTINGS.OPTION_ENABLE,Опция включения ППЗ конвейера,
Holding,Командные частоты - Конвейер (240-269),240.5,РЕЗЕРВ,Резерв,
Holding,Командные частоты - Конвейер (240-269),240.6,РЕЗЕРВ,Резерв,
Holding,Командные частоты - Конвейер (240-269),240.7,РЕЗЕРВ,Резерв,
Holding,Командные частоты - Конвейер (240-269),240.8,РЕЗЕРВ,Резерв,
Holding,Командные частоты - Конвейер (240-269),240.9,РЕЗЕРВ,Резерв,
Holding,Командные частоты - Конвейер (240-269),240.10,РЕЗЕРВ,Резерв,
Holding,Командные частоты - Конвейер (240-269),240.11,РЕЗЕРВ,Резерв,
Holding,Командные частоты - Конвейер (240-269),240.12,РЕЗЕРВ,Резерв,
Holding,Командные частоты - Конвейер (240-269),240.13,РЕЗЕРВ,Резерв,
Holding,Командные частоты - Конвейер (240-269),240.14,РЕЗЕРВ,Резерв,
Holding,Командные частоты - Конвейер (240-269),240.15,РЕЗЕРВ,Резерв,
Holding,Командные частоты - Конвейер (240-269),241.0,РЕЗЕРВ,Резерв,
Holding,Командные частоты - Конвейер (240-269),241.1,РЕЗЕРВ,Резерв,
Holding,Командные частоты - Конвейер (240-269),241.2,РЕЗЕРВ,Резерв,
Holding,Командные частоты - Конвейер (240-269),241.3,РЕЗЕРВ,Резерв,
Holding,Командные частоты - Конвейер (240-269),241.4,РЕЗЕРВ,Резерв,
Holding,Командные частоты - Конвейер (240-269),241.5,РЕЗЕРВ,Резерв,
Holding,Командные частоты - Конвейер (240-269),241.6,РЕЗЕРВ,Резерв,
Holding,Командные частоты - Конвейер (240-269),241.7,РЕЗЕРВ,Резерв,
Holding,Командные частоты - Конвейер (240-269),241.8,РЕЗЕРВ,Резерв,
Holding,Командные частоты - Конвейер (240-269),241.9,РЕЗЕРВ,Резерв,
Holding,Командные частоты - Конвейер (240-269),241.10,РЕЗЕРВ,Резерв,
Holding,Командные частоты - Конвейер (240-269),241.11,РЕЗЕРВ,Резерв,
Holding,Командные частоты - Конвейер (240-269),241.12,РЕЗЕРВ,Резерв,
Holding,Командные частоты - Конвейер (240-269),241.13,РЕЗЕРВ,Резерв,
Holding,Командные частоты - Конвейер (240-269),241.14,РЕЗЕРВ,Резерв,
Holding,Командные частоты - Конвейер (240-269),241.15,РЕЗЕРВ,Резерв,
Holding,Командные частоты - Конвейер (240-269),242-243,REAL,stConveyor.MotorConveyor[1].VFD.cmdSetFrequency,Конвейер 1 - командная частота
Holding,Командные частоты - Конвейер (240-269),244-245,REAL,stConveyor.MotorConveyor[2].VFD.cmdSetFrequency,Конвейер 2 - командная частота
Holding,Командные частоты - Конвейер (240-269),246-269,-,РЕЗЕРВ,Резерв для конвейера
Holding,Командные частоты - Бункер 1 (270-299),270.0,stBunker[1].cmdStartFeeder,Команда пуска питателя бункера 1,
Holding,Командные частоты - Бункер 1 (270-299),270.1,stBunker[1].cmdStopFeeder,Команда останова питателя бункера 1,
Holding,Командные частоты - Бункер 1 (270-299),270.2,stBunker[1].cmdEmergencyStopFeeder,Команда аварийной остановки бункера 1,
Holding,Командные частоты - Бункер 1 (270-299),270.3,stBunker[1].cmdReset,Сброс ошибок бункера 1,
Holding,Командные частоты - Бункер 1 (270-299),270.4,РЕЗЕРВ,Резерв,
Holding,Командные частоты - Бункер 1 (270-299),270.5,РЕЗЕРВ,Резерв,
Holding,Командные частоты - Бункер 1 (270-299),270.6,РЕЗЕРВ,Резерв,
Holding,Командные частоты - Бункер 1 (270-299),270.7,РЕЗЕРВ,Резерв,
Holding,Командные частоты - Бункер 1 (270-299),270.8,РЕЗЕРВ,Резерв,
Holding,Командные частоты - Бункер 1 (270-299),270.9,РЕЗЕРВ,Резерв,
Holding,Командные частоты - Бункер 1 (270-299),270.10,РЕЗЕРВ,Резерв,
Holding,Командные частоты - Бункер 1 (270-299),270.11,РЕЗЕРВ,Резерв,
Holding,Командные частоты - Бункер 1 (270-299),270.12,РЕЗЕРВ,Резерв,
Holding,Командные частоты - Бункер 1 (270-299),270.13,РЕЗЕРВ,Резерв,
Holding,Командные частоты - Бункер 1 (270-299),270.14,РЕЗЕРВ,Резерв,
Holding,Командные частоты - Бункер 1 (270-299),270.15,РЕЗЕРВ,Резерв,
Holding,Командные частоты - Бункер 1 (270-299),271.0,РЕЗЕРВ,Резерв,
Holding,Командные частоты - Бункер 1 (270-299),271.1,РЕЗЕРВ,Резерв,
Holding,Командные частоты - Бункер 1 (270-299),271.2,РЕЗЕРВ,Резерв,
Holding,Командные частоты - Бункер 1 (270-299),271.3,РЕЗЕРВ,Резерв,
Holding,Командные частоты - Бункер 1 (270-299),271.4,РЕЗЕРВ,Резерв,
Holding,Командные частоты - Бункер 1 (270-299),271.5,РЕЗЕРВ,Резерв,
Holding,Командные частоты - Бункер 1 (270-299),271.6,РЕЗЕРВ,Резерв,
Holding,Командные частоты - Бункер 1 (270-299),271.7,РЕЗЕРВ,Резерв,
Holding,Командные частоты - Бункер 1 (270-299),271.8,РЕЗЕРВ,Резерв,
Holding,Командные частоты - Бункер 1 (270-299),271.9,РЕЗЕРВ,Резерв,
Holding,Командные частоты - Бункер 1 (270-299),271.10,РЕЗЕРВ,Резерв,
Holding,Командные частоты - Бункер 1 (270-299),271.11,РЕЗЕРВ,Резерв,
Holding,Командные частоты - Бункер 1 (270-299),271.12,РЕЗЕРВ,Резерв,
Holding,Командные частоты - Бункер 1 (270-299),271.13,РЕЗЕРВ,Резерв,
Holding,Командные частоты - Бункер 1 (270-299),271.14,РЕЗЕРВ,Резерв,
Holding,Командные частоты - Бункер 1 (270-299),271.15,РЕЗЕРВ,Резерв,
Holding,Командные частоты - Бункер 1 (270-299),272-273,REAL,stBunker[1].MotorVibrator[1].VFD.cmdSetFrequency,Бункер 1 вибратор 1 - команда
Holding,Командные частоты - Бункер 1 (270-299),274-275,REAL,stBunker[1].MotorVibrator[2].VFD.cmdSetFrequency,Бункер 1 вибратор 2 - команда
Holding,Командные частоты - Бункер 1 (270-299),276-277,REAL,stBunker[1].MotorVibrator[3].VFD.cmdSetFrequency,Бункер 1 вибратор 3 - команда
Holding,Командные частоты - Бункер 1 (270-299),278-279,REAL,stBunker[1].MotorVibrator[4].VFD.cmdSetFrequency,Бункер 1 вибратор 4 - команда
Holding,Командные частоты - Бункер 1 (270-299),280-281,REAL,stBunker[1].MotorVibFeeder[1].VFD.cmdSetFrequency,Бункер 1 вибропитатель 1 - команда
Holding,Командные частоты - Бункер 1 (270-299),282-283,REAL,stBunker[1].MotorVibFeeder[2].VFD.cmdSetFrequency,Бункер 1 вибропитатель 2 - команда
Holding,Командные частоты - Бункер 1 (270-299),284-299,-,РЕЗЕРВ,Резерв для бункера 1
Holding,Командные частоты - Бункер 2 (300-329),300.0,stBunker[2].cmdStartFeeder,Команда пуска питателя бункера 2,
Holding,Командные частоты - Бункер 2 (300-329),300.1,stBunker[2].cmdStopFeeder,Команда останова питателя бункера 2,
Holding,Командные частоты - Бункер 2 (300-329),300.2,stBunker[2].cmdEmergencyStopFeeder,Команда аварийной остановки бункера 2,
Holding,Командные частоты - Бункер 2 (300-329),300.3,stBunker[2].cmdReset,Сброс ошибок бункера 2,
Holding,Командные частоты - Бункер 2 (300-329),300.4,РЕЗЕРВ,Резерв,
Holding,Командные частоты - Бункер 2 (300-329),300.5,РЕЗЕРВ,Резерв,
Holding,Командные частоты - Бункер 2 (300-329),300.6,РЕЗЕРВ,Резерв,
Holding,Командные частоты - Бункер 2 (300-329),300.7,РЕЗЕРВ,Резерв,
Holding,Командные частоты - Бункер 2 (300-329),300.8,РЕЗЕРВ,Резерв,
Holding,Командные частоты - Бункер 2 (300-329),300.9,РЕЗЕРВ,Резерв,
Holding,Командные частоты - Бункер 2 (300-329),300.10,РЕЗЕРВ,Резерв,
Holding,Командные частоты - Бункер 2 (300-329),300.11,РЕЗЕРВ,Резерв,
Holding,Командные частоты - Бункер 2 (300-329),300.12,РЕЗЕРВ,Резерв,
Holding,Командные частоты - Бункер 2 (300-329),300.13,РЕЗЕРВ,Резерв,
Holding,Командные частоты - Бункер 2 (300-329),300.14,РЕЗЕРВ,Резерв,
Holding,Командные частоты - Бункер 2 (300-329),300.15,РЕЗЕРВ,Резерв,
Holding,Командные частоты - Бункер 2 (300-329),301.0,РЕЗЕРВ,Резерв,
Holding,Командные частоты - Бункер 2 (300-329),301.1,РЕЗЕРВ,Резерв,
Holding,Командные частоты - Бункер 2 (300-329),301.2,РЕЗЕРВ,Резерв,
Holding,Командные частоты - Бункер 2 (300-329),301.3,РЕЗЕРВ,Резерв,
Holding,Командные частоты - Бункер 2 (300-329),301.4,РЕЗЕРВ,Резерв,
Holding,Командные частоты - Бункер 2 (300-329),301.5,РЕЗЕРВ,Резерв,
Holding,Командные частоты - Бункер 2 (300-329),301.6,РЕЗЕРВ,Резерв,
Holding,Командные частоты - Бункер 2 (300-329),301.7,РЕЗЕРВ,Резерв,
Holding,Командные частоты - Бункер 2 (300-329),301.8,РЕЗЕРВ,Резерв,
Holding,Командные частоты - Бункер 2 (300-329),301.9,РЕЗЕРВ,Резерв,
Holding,Командные частоты - Бункер 2 (300-329),301.10,РЕЗЕРВ,Резерв,
Holding,Командные частоты - Бункер 2 (300-329),301.11,РЕЗЕРВ,Резерв,
Holding,Командные частоты - Бункер 2 (300-329),301.12,РЕЗЕРВ,Резерв,
Holding,Командные частоты - Бункер 2 (300-329),301.13,РЕЗЕРВ,Резерв,
Holding,Командные частоты - Бункер 2 (300-329),301.14,РЕЗЕРВ,Резерв,
Holding,Командные частоты - Бункер 2 (300-329),301.15,РЕЗЕРВ,Резерв,
Holding,Командные частоты - Бункер 2 (300-329),302-303,REAL,stBunker[2].MotorVibrator[1].VFD.cmdSetFrequency,Бункер 2 вибратор 1 - команда
Holding,Командные частоты - Бункер 2 (300-329),304-305,REAL,stBunker[2].MotorVibrator[2].VFD.cmdSetFrequency,Бункер 2 вибратор 2 - команда
Holding,Командные частоты - Бункер 2 (300-329),306-307,REAL,stBunker[2].MotorVibrator[3].VFD.cmdSetFrequency,Бункер 2 вибратор 3 - команда
Holding,Командные частоты - Бункер 2 (300-329),308-309,REAL,stBunker[2].MotorVibrator[4].VFD.cmdSetFrequency,Бункер 2 вибратор 4 - команда
Holding,Командные частоты - Бункер 2 (300-329),310-311,REAL,stBunker[2].MotorVibFeeder[1].VFD.cmdSetFrequency,Бункер 2 вибропитатель 1 - команда
Holding,Командные частоты - Бункер 2 (300-329),312-313,REAL,stBunker[2].MotorVibFeeder[2].VFD.cmdSetFrequency,Бункер 2 вибропитатель 2 - команда
Holding,Командные частоты - Бункер 2 (300-329),314-329,-,РЕЗЕРВ,Резерв для бункера 2
Holding,Командные частоты - Бункер 3 (330-359),330.0,stBunker[3].cmdStartFeeder,Команда пуска питателя бункера 3,
Holding,Командные частоты - Бункер 3 (330-359),330.1,stBunker[3].cmdStopFeeder,Команда останова питателя бункера 3,
Holding,Командные частоты - Бункер 3 (330-359),330.2,stBunker[3].cmdEmergencyStopFeeder,Команда аварийной остановки бункера 3,
Holding,Командные частоты - Бункер 3 (330-359),330.3,stBunker[3].cmdReset,Сброс ошибок бункера 3,
Holding,Командные частоты - Бункер 3 (330-359),330.4,РЕЗЕРВ,Резерв,
Holding,Командные частоты - Бункер 3 (330-359),330.5,РЕЗЕРВ,Резерв,
Holding,Командные частоты - Бункер 3 (330-359),330.6,РЕЗЕРВ,Резерв,
Holding,Командные частоты - Бункер 3 (330-359),330.7,РЕЗЕРВ,Резерв,
Holding,Командные частоты - Бункер 3 (330-359),330.8,РЕЗЕРВ,Резерв,
Holding,Командные частоты - Бункер 3 (330-359),330.9,РЕЗЕРВ,Резерв,
Holding,Командные частоты - Бункер 3 (330-359),330.10,РЕЗЕРВ,Резерв,
Holding,Командные частоты - Бункер 3 (330-359),330.11,РЕЗЕРВ,Резерв,
Holding,Командные частоты - Бункер 3 (330-359),330.12,РЕЗЕРВ,Резерв,
Holding,Командные частоты - Бункер 3 (330-359),330.13,РЕЗЕРВ,Резерв,
Holding,Командные частоты - Бункер 3 (330-359),330.14,РЕЗЕРВ,Резерв,
Holding,Командные частоты - Бункер 3 (330-359),330.15,РЕЗЕРВ,Резерв,
Holding,Командные частоты - Бункер 3 (330-359),331.0,РЕЗЕРВ,Резерв,
Holding,Командные частоты - Бункер 3 (330-359),331.1,РЕЗЕРВ,Резерв,
Holding,Командные частоты - Бункер 3 (330-359),331.2,РЕЗЕРВ,Резерв,
Holding,Командные частоты - Бункер 3 (330-359),331.3,РЕЗЕРВ,Резерв,
Holding,Командные частоты - Бункер 3 (330-359),331.4,РЕЗЕРВ,Резерв,
Holding,Командные частоты - Бункер 3 (330-359),331.5,РЕЗЕРВ,Резерв,
Holding,Командные частоты - Бункер 3 (330-359),331.6,РЕЗЕРВ,Резерв,
Holding,Командные частоты - Бункер 3 (330-359),331.7,РЕЗЕРВ,Резерв,
Holding,Командные частоты - Бункер 3 (330-359),331.8,РЕЗЕРВ,Резерв,
Holding,Командные частоты - Бункер 3 (330-359),331.9,РЕЗЕРВ,Резерв,
Holding,Командные частоты - Бункер 3 (330-359),331.10,РЕЗЕРВ,Резерв,
Holding,Командные частоты - Бункер 3 (330-359),331.11,РЕЗЕРВ,Резерв,
Holding,Командные частоты - Бункер 3 (330-359),331.12,РЕЗЕРВ,Резерв,
Holding,Командные частоты - Бункер 3 (330-359),331.13,РЕЗЕРВ,Резерв,
Holding,Командные частоты - Бункер 3 (330-359),331.14,РЕЗЕРВ,Резерв,
Holding,Командные частоты - Бункер 3 (330-359),331.15,РЕЗЕРВ,Резерв,
Holding,Командные частоты - Бункер 3 (330-359),332-333,REAL,stBunker[3].MotorVibrator[1].VFD.cmdSetFrequency,Бункер 3 вибратор 1 - команда
Holding,Командные частоты - Бункер 3 (330-359),334-335,REAL,stBunker[3].MotorVibrator[2].VFD.cmdSetFrequency,Бункер 3 вибратор 2 - команда
Holding,Командные частоты - Бункер 3 (330-359),336-337,REAL,stBunker[3].MotorVibrator[3].VFD.cmdSetFrequency,Бункер 3 вибратор 3 - команда
Holding,Командные частоты - Бункер 3 (330-359),338-339,REAL,stBunker[3].MotorVibrator[4].VFD.cmdSetFrequency,Бункер 3 вибратор 4 - команда
Holding,Командные частоты - Бункер 3 (330-359),340-341,REAL,stBunker[3].MotorVibFeeder[1].VFD.cmdSetFrequency,Бункер 3 вибропитатель 1 - команда
Holding,Командные частоты - Бункер 3 (330-359),342-343,REAL,stBunker[3].MotorVibFeeder[2].VFD.cmdSetFrequency,Бункер 3 вибропитатель 2 - команда
Holding,Командные частоты - Бункер 3 (330-359),344-359,-,РЕЗЕРВ,Резерв для бункера 3
Input,Общие системные статусы (0-29),0.0,xStateAutoWorking,Автоматический режим работает,
Input,Общие системные статусы (0-29),0.1,xStateEmergencyStop,Аварийный останов,
Input,Общие системные статусы (0-29),0.2,xStateErrorCheckReady,Готовность к пуску (отсутствие ошибок),
Input,Общие системные статусы (0-29),0.3,xStateErrorAcceptIdle,Ошибка задания пропорции,
Input,Общие системные статусы (0-29),0.4,stCommonSignals.fbEmergencyStopBtn.qxSignal,Кнопка аварийного останова,
Input,Общие системные статусы (0-29),0.5,stCommonSignals.fbRemoteModeBtn.qxSignal,Режим дистанционный (1) / местный (0),
Input,Общие системные статусы (0-29),0.6,stCommonSignals.fbRealyCurrentControl.qxSignal,Реле контроля фаз,
Input,Общие системные статусы (0-29),0.7,stCommonSignals.fbQF1.qxSignal,Автомат QF1,
Input,Общие системные статусы (0-29),0.8,stCommonSignals.fb9QF1.qxSignal,Автомат 9QF1,
Input,Общие системные статусы (0-29),0.9,stCommonSignals.fb10QF1.qxSignal,Автомат 10QF1,
Input,Общие системные статусы (0-29),0.10,stCommonSignals.fb11QF1.qxSignal,Автомат 11QF1,
Input,Общие системные статусы (0-29),0.11,stCommonSignals.qx6KM1,Контактор 6KM1,
Input,Общие системные статусы (0-29),0.12,SIMULATION,Режим симуляции,
Input,Общие системные статусы (0-29),0.13,РЕЗЕРВ,Резерв,
Input,Общие системные статусы (0-29),0.14,РЕЗЕРВ,Резерв,
Input,Общие системные статусы (0-29),0.15,РЕЗЕРВ,Резерв,
Input,Общие системные статусы (0-29),1.0,РЕЗЕРВ,Резерв,
Input,Общие системные статусы (0-29),1.1,РЕЗЕРВ,Резерв,
Input,Общие системные статусы (0-29),1.2,РЕЗЕРВ,Резерв,
Input,Общие системные статусы (0-29),1.3,РЕЗЕРВ,Резерв,
Input,Общие системные статусы (0-29),1.4,РЕЗЕРВ,Резерв,
Input,Общие системные статусы (0-29),1.5,РЕЗЕРВ,Резерв,
Input,Общие системные статусы (0-29),1.6,РЕЗЕРВ,Резерв,
Input,Общие системные статусы (0-29),1.7,РЕЗЕРВ,Резерв,
Input,Общие системные статусы (0-29),1.8,РЕЗЕРВ,Резерв,
Input,Общие системные статусы (0-29),1.9,РЕЗЕРВ,Резерв,
Input,Общие системные статусы (0-29),1.10,РЕЗЕРВ,Резерв,
Input,Общие системные статусы (0-29),1.11,РЕЗЕРВ,Резерв,
Input,Общие системные статусы (0-29),1.12,РЕЗЕРВ,Резерв,
Input,Общие системные статусы (0-29),1.13,РЕЗЕРВ,Резерв,
Input,Общие системные статусы (0-29),1.14,РЕЗЕРВ,Резерв,
Input,Общие системные статусы (0-29),1.15,РЕЗЕРВ,Резерв,
Input,Общие системные статусы (0-29),2-3,REAL,ICUR_PRECENT,КИУМ в процентах (текущий)
Input,Общие системные статусы (0-29),4-29,-,РЕЗЕРВ,Резерв для системных статусов
Input,Бункер 1 (30-89),30.0,stBunker[1].xStateWarning,Предупреждение бункера 1,
Input,Бункер 1 (30-89),30.1,stBunker[1].xStateFailure,Авария бункера 1,
Input,Бункер 1 (30-89),30.2,stBunker[1].fbStateHatch.qxSignal,Люк закрыт (1) / открыт (0),
Input,Бункер 1 (30-89),30.3,stBunker[1].qxLightRed,Красный свет светофора,
Input,Бункер 1 (30-89),30.4,stBunker[1].qxLightYellow,Желтый свет светофора,
Input,Бункер 1 (30-89),30.5,stBunker[1].qxLightGreen,Зеленый свет светофора,
Input,Бункер 1 (30-89),30.6,stBunker[1].fbBtnStart.qxSignal,"Кнопка ""Пуск питателя""",
Input,Бункер 1 (30-89),30.7,stBunker[1].fbBtnStop.qxSignal,"Кнопка ""Стоп питателя""",
Input,Бункер 1 (30-89),30.8,stBunker[1].fbBtnEmergencyStop.qxSignal,"Кнопка ""Аварийная остановка""",
Input,Бункер 1 (30-89),30.9,РЕЗЕРВ,Резерв,
Input,Бункер 1 (30-89),30.10,РЕЗЕРВ,Резерв,
Input,Бункер 1 (30-89),30.11,РЕЗЕРВ,Резерв,
Input,Бункер 1 (30-89),30.12,РЕЗЕРВ,Резерв,
Input,Бункер 1 (30-89),30.13,РЕЗЕРВ,Резерв,
Input,Бункер 1 (30-89),30.14,РЕЗЕРВ,Резерв,
Input,Бункер 1 (30-89),30.15,РЕЗЕРВ,Резерв,
Input,Бункер 1 (30-89),31.0,РЕЗЕРВ,Резерв,
Input,Бункер 1 (30-89),31.1,РЕЗЕРВ,Резерв,
Input,Бункер 1 (30-89),31.2,РЕЗЕРВ,Резерв,
Input,Бункер 1 (30-89),31.3,РЕЗЕРВ,Резерв,
Input,Бункер 1 (30-89),31.4,РЕЗЕРВ,Резерв,
Input,Бункер 1 (30-89),31.5,РЕЗЕРВ,Резерв,
Input,Бункер 1 (30-89),31.6,РЕЗЕРВ,Резерв,
Input,Бункер 1 (30-89),31.7,РЕЗЕРВ,Резерв,
Input,Бункер 1 (30-89),31.8,РЕЗЕРВ,Резерв,
Input,Бункер 1 (30-89),31.9,РЕЗЕРВ,Резерв,
Input,Бункер 1 (30-89),31.10,РЕЗЕРВ,Резерв,
Input,Бункер 1 (30-89),31.11,РЕЗЕРВ,Резерв,
Input,Бункер 1 (30-89),31.12,РЕЗЕРВ,Резерв,
Input,Бункер 1 (30-89),31.13,РЕЗЕРВ,Резерв,
Input,Бункер 1 (30-89),31.14,РЕЗЕРВ,Резерв,
Input,Бункер 1 (30-89),31.15,РЕЗЕРВ,Резерв,
Input,Бункер 1 (30-89),32-33,REAL,stBunker[1].rWeight,Вес в бункере 1
Input,Бункер 1 (30-89),34-35,REAL,stBunker[1].rProportionActual,Фактическая пропорция бункера 1
Input,Бункер 1 (30-89),36-37,REAL,stBunker[1].rMotorVibFeederCommonFrequency,Общая частота вибропитателей
Input,Бункер 1 (30-89),38-39,REAL,stBunker[1].cmdDumpingPrecent,Процент высыпания
Input,Бункер 1 (30-89),40-41,REAL,stBunker[1].MotorVibrator[1].VFD.qrOutFrequency,Вибратор 1 - выходная частота
Input,Бункер 1 (30-89),42-43,REAL,stBunker[1].MotorVibrator[1].VFD.rActualFrequency,Вибратор 1 - фактическая частота
Input,Бункер 1 (30-89),44-45,REAL,stBunker[1].MotorVibrator[1].VFD.wMotorCurrent.rTag,Вибратор 1 - ток
Input,Бункер 1 (30-89),46-47,REAL,stBunker[1].MotorVibrator[2].VFD.qrOutFrequency,Вибратор 2 - выходная частота
Input,Бункер 1 (30-89),48-49,REAL,stBunker[1].MotorVibrator[2].VFD.rActualFrequency,Вибратор 2 - фактическая частота
Input,Бункер 1 (30-89),50-51,REAL,stBunker[1].MotorVibrator[2].VFD.wMotorCurrent.rTag,Вибратор 2 - ток
Input,Бункер 1 (30-89),52-53,REAL,stBunker[1].MotorVibrator[3].VFD.qrOutFrequency,Вибратор 3 - выходная частота
Input,Бункер 1 (30-89),54-55,REAL,stBunker[1].MotorVibrator[3].VFD.rActualFrequency,Вибратор 3 - фактическая частота
Input,Бункер 1 (30-89),56-57,REAL,stBunker[1].MotorVibrator[3].VFD.wMotorCurrent.rTag,Вибратор 3 - ток
Input,Бункер 1 (30-89),58-59,REAL,stBunker[1].MotorVibrator[4].VFD.qrOutFrequency,Вибратор 4 - выходная частота
Input,Бункер 1 (30-89),60-61,REAL,stBunker[1].MotorVibrator[4].VFD.rActualFrequency,Вибратор 4 - фактическая частота
Input,Бункер 1 (30-89),62-63,REAL,stBunker[1].MotorVibrator[4].VFD.wMotorCurrent.rTag,Вибратор 4 - ток
Input,Бункер 1 (30-89),64-65,REAL,stBunker[1].MotorVibFeeder[1].VFD.qrOutFrequency,Вибропитатель 1 - выходная частота
Input,Бункер 1 (30-89),66-67,REAL,stBunker[1].MotorVibFeeder[1].VFD.rActualFrequency,Вибропитатель 1 - факт. частота
Input,Бункер 1 (30-89),68-69,REAL,stBunker[1].MotorVibFeeder[1].VFD.wMotorCurrent.rTag,Вибропитатель 1 - ток
Input,Бункер 1 (30-89),70-71,REAL,stBunker[1].MotorVibFeeder[2].VFD.qrOutFrequency,Вибропитатель 2 - выходная частота
Input,Бункер 1 (30-89),72-73,REAL,stBunker[1].MotorVibFeeder[2].VFD.rActualFrequency,Вибропитатель 2 - факт. частота
Input,Бункер 1 (30-89),74-75,REAL,stBunker[1].MotorVibFeeder[2].VFD.wMotorCurrent.rTag,Вибропитатель 2 - ток
Input,Бункер 1 (30-89),76-77,REAL,stBunker[1].MotorVibFeeder[1].rTempBearing[1],Вибропитатель 1 - температура 1
Input,Бункер 1 (30-89),78-79,REAL,stBunker[1].MotorVibFeeder[1].rTempBearing[2],Вибропитатель 1 - температура 2
Input,Бункер 1 (30-89),80-81,REAL,stBunker[1].MotorVibFeeder[2].rTempBearing[1],Вибропитатель 2 - температура 1
Input,Бункер 1 (30-89),82-83,REAL,stBunker[1].MotorVibFeeder[2].rTempBearing[2],Вибропитатель 2 - температура 2
Input,Бункер 1 (30-89),84,INT,eBunkerStage[1],Стадия бункера 1 (E_StageWithPreStartAlarm)
Input,Бункер 1 (30-89),85,INT,eBunkerStageToSCADA[1],Стадия бункера 1 для SCADA
Input,Бункер 1 (30-89),86-89,-,РЕЗЕРВ,Резерв для бункера 1
Input,Бункер 2 (90-149),90.0,stBunker[2].xStateWarning,Предупреждение бункера 2,
Input,Бункер 2 (90-149),90.1,stBunker[2].xStateFailure,Авария бункера 2,
Input,Бункер 2 (90-149),90.2,stBunker[2].fbStateHatch.qxSignal,Люк закрыт (1) / открыт (0),
Input,Бункер 2 (90-149),90.3,stBunker[2].qxLightRed,Красный свет светофора,
Input,Бункер 2 (90-149),90.4,stBunker[2].qxLightYellow,Желтый свет светофора,
Input,Бункер 2 (90-149),90.5,stBunker[2].qxLightGreen,Зеленый свет светофора,
Input,Бункер 2 (90-149),90.6,stBunker[2].fbBtnStart.qxSignal,"Кнопка ""Пуск питателя""",
Input,Бункер 2 (90-149),90.7,stBunker[2].fbBtnStop.qxSignal,"Кнопка ""Стоп питателя""",
Input,Бункер 2 (90-149),90.8,stBunker[2].fbBtnEmergencyStop.qxSignal,"Кнопка ""Аварийная остановка""",
Input,Бункер 2 (90-149),90.9,РЕЗЕРВ,Резерв,
Input,Бункер 2 (90-149),90.10,РЕЗЕРВ,Резерв,
Input,Бункер 2 (90-149),90.11,РЕЗЕРВ,Резерв,
Input,Бункер 2 (90-149),90.12,РЕЗЕРВ,Резерв,
Input,Бункер 2 (90-149),90.13,РЕЗЕРВ,Резерв,
Input,Бункер 2 (90-149),90.14,РЕЗЕРВ,Резерв,
Input,Бункер 2 (90-149),90.15,РЕЗЕРВ,Резерв,
Input,Бункер 2 (90-149),91.0,РЕЗЕРВ,Резерв,
Input,Бункер 2 (90-149),91.1,РЕЗЕРВ,Резерв,
Input,Бункер 2 (90-149),91.2,РЕЗЕРВ,Резерв,
Input,Бункер 2 (90-149),91.3,РЕЗЕРВ,Резерв,
Input,Бункер 2 (90-149),91.4,РЕЗЕРВ,Резерв,
Input,Бункер 2 (90-149),91.5,РЕЗЕРВ,Резерв,
Input,Бункер 2 (90-149),91.6,РЕЗЕРВ,Резерв,
Input,Бункер 2 (90-149),91.7,РЕЗЕРВ,Резерв,
Input,Бункер 2 (90-149),91.8,РЕЗЕРВ,Резерв,
Input,Бункер 2 (90-149),91.9,РЕЗЕРВ,Резерв,
Input,Бункер 2 (90-149),91.10,РЕЗЕРВ,Резерв,
Input,Бункер 2 (90-149),91.11,РЕЗЕРВ,Резерв,
Input,Бункер 2 (90-149),91.12,РЕЗЕРВ,Резерв,
Input,Бункер 2 (90-149),91.13,РЕЗЕРВ,Резерв,
Input,Бункер 2 (90-149),91.14,РЕЗЕРВ,Резерв,
Input,Бункер 2 (90-149),91.15,РЕЗЕРВ,Резерв,
Input,Бункер 2 (90-149),92-93,REAL,stBunker[2].rWeight,Вес в бункере 2
Input,Бункер 2 (90-149),94-95,REAL,stBunker[2].rProportionActual,Фактическая пропорция бункера 2
Input,Бункер 2 (90-149),96-97,REAL,stBunker[2].rMotorVibFeederCommonFrequency,Общая частота вибропитателей
Input,Бункер 2 (90-149),98-99,REAL,stBunker[2].cmdDumpingPrecent,Процент высыпания
Input,Бункер 2 (90-149),100-101,REAL,stBunker[2].MotorVibrator[1].VFD.qrOutFrequency,Вибратор 1 - выходная частота
Input,Бункер 2 (90-149),102-103,REAL,stBunker[2].MotorVibrator[1].VFD.rActualFrequency,Вибратор 1 - фактическая частота
Input,Бункер 2 (90-149),104-105,REAL,stBunker[2].MotorVibrator[1].VFD.wMotorCurrent.rTag,Вибратор 1 - ток
Input,Бункер 2 (90-149),106-107,REAL,stBunker[2].MotorVibrator[2].VFD.qrOutFrequency,Вибратор 2 - выходная частота
Input,Бункер 2 (90-149),108-109,REAL,stBunker[2].MotorVibrator[2].VFD.rActualFrequency,Вибратор 2 - фактическая частота
Input,Бункер 2 (90-149),110-111,REAL,stBunker[2].MotorVibrator[2].VFD.wMotorCurrent.rTag,Вибратор 2 - ток
Input,Бункер 2 (90-149),112-113,REAL,stBunker[2].MotorVibrator[3].VFD.qrOutFrequency,Вибратор 3 - выходная частота
Input,Бункер 2 (90-149),114-115,REAL,stBunker[2].MotorVibrator[3].VFD.rActualFrequency,Вибратор 3 - фактическая частота
Input,Бункер 2 (90-149),116-117,REAL,stBunker[2].MotorVibrator[3].VFD.wMotorCurrent.rTag,Вибратор 3 - ток
Input,Бункер 2 (90-149),118-119,REAL,stBunker[2].MotorVibrator[4].VFD.qrOutFrequency,Вибратор 4 - выходная частота
Input,Бункер 2 (90-149),120-121,REAL,stBunker[2].MotorVibrator[4].VFD.rActualFrequency,Вибратор 4 - фактическая частота
Input,Бункер 2 (90-149),122-123,REAL,stBunker[2].MotorVibrator[4].VFD.wMotorCurrent.rTag,Вибратор 4 - ток
Input,Бункер 2 (90-149),124-125,REAL,stBunker[2].MotorVibFeeder[1].VFD.qrOutFrequency,Вибропитатель 1 - выходная частота
Input,Бункер 2 (90-149),126-127,REAL,stBunker[2].MotorVibFeeder[1].VFD.rActualFrequency,Вибропитатель 1 - факт. частота
Input,Бункер 2 (90-149),128-129,REAL,stBunker[2].MotorVibFeeder[1].VFD.wMotorCurrent.rTag,Вибропитатель 1 - ток
Input,Бункер 2 (90-149),130-131,REAL,stBunker[2].MotorVibFeeder[2].VFD.qrOutFrequency,Вибропитатель 2 - выходная частота
Input,Бункер 2 (90-149),132-133,REAL,stBunker[2].MotorVibFeeder[2].VFD.rActualFrequency,Вибропитатель 2 - факт. частота
Input,Бункер 2 (90-149),134-135,REAL,stBunker[2].MotorVibFeeder[2].VFD.wMotorCurrent.rTag,Вибропитатель 2 - ток
Input,Бункер 2 (90-149),136-137,REAL,stBunker[2].MotorVibFeeder[1].rTempBearing[1],Вибропитатель 1 - температура 1
Input,Бункер 2 (90-149),138-139,REAL,stBunker[2].MotorVibFeeder[1].rTempBearing[2],Вибропитатель 1 - температура 2
Input,Бункер 2 (90-149),140-141,REAL,stBunker[2].MotorVibFeeder[2].rTempBearing[1],Вибропитатель 2 - температура 1
Input,Бункер 2 (90-149),142-143,REAL,stBunker[2].MotorVibFeeder[2].rTempBearing[2],Вибропитатель 2 - температура 2
Input,Бункер 2 (90-149),144,INT,eBunkerStage[2],Стадия бункера 2 (E_StageWithPreStartAlarm)
Input,Бункер 2 (90-149),145,INT,eBunkerStageToSCADA[2],Стадия бункера 2 для SCADA
Input,Бункер 2 (90-149),146-149,-,РЕЗЕРВ,Резерв для бункера 2
Input,Бункер 3 (150-209),150.0,stBunker[3].xStateWarning,Предупреждение бункера 3,
Input,Бункер 3 (150-209),150.1,stBunker[3].xStateFailure,Авария бункера 3,
Input,Бункер 3 (150-209),150.2,stBunker[3].fbStateHatch.qxSignal,Люк закрыт (1) / открыт (0),
Input,Бункер 3 (150-209),150.3,stBunker[3].qxLightRed,Красный свет светофора,
Input,Бункер 3 (150-209),150.4,stBunker[3].qxLightYellow,Желтый свет светофора,
Input,Бункер 3 (150-209),150.5,stBunker[3].qxLightGreen,Зеленый свет светофора,
Input,Бункер 3 (150-209),150.6,stBunker[3].fbBtnStart.qxSignal,"Кнопка ""Пуск питателя""",
Input,Бункер 3 (150-209),150.7,stBunker[3].fbBtnStop.qxSignal,"Кнопка ""Стоп питателя""",
Input,Бункер 3 (150-209),150.8,stBunker[3].fbBtnEmergencyStop.qxSignal,"Кнопка ""Аварийная остановка""",
Input,Бункер 3 (150-209),150.9,РЕЗЕРВ,Резерв,
Input,Бункер 3 (150-209),150.10,РЕЗЕРВ,Резерв,
Input,Бункер 3 (150-209),150.11,РЕЗЕРВ,Резерв,
Input,Бункер 3 (150-209),150.12,РЕЗЕРВ,Резерв,
Input,Бункер 3 (150-209),150.13,РЕЗЕРВ,Резерв,
Input,Бункер 3 (150-209),150.14,РЕЗЕРВ,Резерв,
Input,Бункер 3 (150-209),150.15,РЕЗЕРВ,Резерв,
Input,Бункер 3 (150-209),151.0,РЕЗЕРВ,Резерв,
Input,Бункер 3 (150-209),151.1,РЕЗЕРВ,Резерв,
Input,Бункер 3 (150-209),151.2,РЕЗЕРВ,Резерв,
Input,Бункер 3 (150-209),151.3,РЕЗЕРВ,Резерв,
Input,Бункер 3 (150-209),151.4,РЕЗЕРВ,Резерв,
Input,Бункер 3 (150-209),151.5,РЕЗЕРВ,Резерв,
Input,Бункер 3 (150-209),151.6,РЕЗЕРВ,Резерв,
Input,Бункер 3 (150-209),151.7,РЕЗЕРВ,Резерв,
Input,Бункер 3 (150-209),151.8,РЕЗЕРВ,Резерв,
Input,Бункер 3 (150-209),151.9,РЕЗЕРВ,Резерв,
Input,Бункер 3 (150-209),151.10,РЕЗЕРВ,Резерв,
Input,Бункер 3 (150-209),151.11,РЕЗЕРВ,Резерв,
Input,Бункер 3 (150-209),151.12,РЕЗЕРВ,Резерв,
Input,Бункер 3 (150-209),151.13,РЕЗЕРВ,Резерв,
Input,Бункер 3 (150-209),151.14,РЕЗЕРВ,Резерв,
Input,Бункер 3 (150-209),151.15,РЕЗЕРВ,Резерв,
Input,Бункер 3 (150-209),152-153,REAL,stBunker[3].rWeight,Вес в бункере 3
Input,Бункер 3 (150-209),154-155,REAL,stBunker[3].rProportionActual,Фактическая пропорция бункера 3
Input,Бункер 3 (150-209),156-157,REAL,stBunker[3].rMotorVibFeederCommonFrequency,Общая частота вибропитателей
Input,Бункер 3 (150-209),158-159,REAL,stBunker[3].cmdDumpingPrecent,Процент высыпания
Input,Бункер 3 (150-209),160-161,REAL,stBunker[3].MotorVibrator[1].VFD.qrOutFrequency,Вибратор 1 - выходная частота
Input,Бункер 3 (150-209),162-163,REAL,stBunker[3].MotorVibrator[1].VFD.rActualFrequency,Вибратор 1 - фактическая частота
Input,Бункер 3 (150-209),164-165,REAL,stBunker[3].MotorVibrator[1].VFD.wMotorCurrent.rTag,Вибратор 1 - ток
Input,Бункер 3 (150-209),166-167,REAL,stBunker[3].MotorVibrator[2].VFD.qrOutFrequency,Вибратор 2 - выходная частота
Input,Бункер 3 (150-209),168-169,REAL,stBunker[3].MotorVibrator[2].VFD.rActualFrequency,Вибратор 2 - фактическая частота
Input,Бункер 3 (150-209),170-171,REAL,stBunker[3].MotorVibrator[2].VFD.wMotorCurrent.rTag,Вибратор 2 - ток
Input,Бункер 3 (150-209),172-173,REAL,stBunker[3].MotorVibrator[3].VFD.qrOutFrequency,Вибратор 3 - выходная частота
Input,Бункер 3 (150-209),174-175,REAL,stBunker[3].MotorVibrator[3].VFD.rActualFrequency,Вибратор 3 - фактическая частота
Input,Бункер 3 (150-209),176-177,REAL,stBunker[3].MotorVibrator[3].VFD.wMotorCurrent.rTag,Вибратор 3 - ток
Input,Бункер 3 (150-209),178-179,REAL,stBunker[3].MotorVibrator[4].VFD.qrOutFrequency,Вибратор 4 - выходная частота
Input,Бункер 3 (150-209),180-181,REAL,stBunker[3].MotorVibrator[4].VFD.rActualFrequency,Вибратор 4 - фактическая частота
Input,Бункер 3 (150-209),182-183,REAL,stBunker[3].MotorVibrator[4].VFD.wMotorCurrent.rTag,Вибратор 4 - ток
Input,Бункер 3 (150-209),184-185,REAL,stBunker[3].MotorVibFeeder[1].VFD.qrOutFrequency,Вибропитатель 1 - выходная частота
Input,Бункер 3 (150-209),186-187,REAL,stBunker[3].MotorVibFeeder[1].VFD.rActualFrequency,Вибропитатель 1 - факт. частота
Input,Бункер 3 (150-209),188-189,REAL,stBunker[3].MotorVibFeeder[1].VFD.wMotorCurrent.rTag,Вибропитатель 1 - ток
Input,Бункер 3 (150-209),190-191,REAL,stBunker[3].MotorVibFeeder[2].VFD.qrOutFrequency,Вибропитатель 2 - выходная частота
Input,Бункер 3 (150-209),192-193,REAL,stBunker[3].MotorVibFeeder[2].VFD.rActualFrequency,Вибропитатель 2 - факт. частота
Input,Бункер 3 (150-209),194-195,REAL,stBunker[3].MotorVibFeeder[2].VFD.wMotorCurrent.rTag,Вибропитатель 2 - ток
Input,Бункер 3 (150-209),196-197,REAL,stBunker[3].MotorVibFeeder[1].rTempBearing[1],Вибропитатель 1 - температура 1
Input,Бункер 3 (150-209),198-199,REAL,stBunker[3].MotorVibFeeder[1].rTempBearing[2],Вибропитатель 1 - температура 2
Input,Бункер 3 (150-209),200-201,REAL,stBunker[3].MotorVibFeeder[2].rTempBearing[1],Вибропитатель 2 - температура 1
Input,Бункер 3 (150-209),202-203,REAL,stBunker[3].MotorVibFeeder[2].rTempBearing[2],Вибропитатель 2 - температура 2
Input,Бункер 3 (150-209),204,INT,eBunkerStage[3],Стадия бункера 3 (E_StageWithPreStartAlarm)
Input,Бункер 3 (150-209),205,INT,eBunkerStageToSCADA[3],Стадия бункера 1 для SCADA
Input,Бункер 3 (150-209),206-209,-,РЕЗЕРВ,Резерв для бункера 3
Input,Отвалообразователь - Конвейер (210-239),210.0,stDumper.xStateWarning,Предупреждение отвала,
Input,Отвалообразователь - Конвейер (210-239),210.1,stDumper.xStateFailure,Авария отвала,
Input,Отвалообразователь - Конвейер (210-239),210.2,stDumper.xStateEnable,Отвал полностью запущен,
Input,Отвалообразователь - Конвейер (210-239),210.3,stDumper.xStateStarting,Процесс запуска,
Input,Отвалообразователь - Конвейер (210-239),210.4,stDumper.fbBtnStart.qxSignal,"Кнопка ""Пуск""",
Input,Отвалообразователь - Конвейер (210-239),210.5,stDumper.fbBtnStop.qxSignal,"Кнопка ""Стоп""",
Input,Отвалообразователь - Конвейер (210-239),210.6,stDumper.fbBtnEmergencyStop.qxSignal,"Кнопка ""Аварийная остановка""",
Input,Отвалообразователь - Конвейер (210-239),210.7,stDumper.fbBtnRemoteMode.qxSignal,Режим дистанционный (1) / местный (0),
Input,Отвалообразователь - Конвейер (210-239),210.8,stDumper.xHLA,Световая сигнализация,
Input,Отвалообразователь - Конвейер (210-239),210.9,stDumper.xSoundAlarm,Звуковая сигнализация,
Input,Отвалообразователь - Конвейер (210-239),210.10,РЕЗЕРВ,Резерв,
Input,Отвалообразователь - Конвейер (210-239),210.11,РЕЗЕРВ,Резерв,
Input,Отвалообразователь - Конвейер (210-239),210.12,РЕЗЕРВ,Резерв,
Input,Отвалообразователь - Конвейер (210-239),210.13,РЕЗЕРВ,Резерв,
Input,Отвалообразователь - Конвейер (210-239),210.14,РЕЗЕРВ,Резерв,
Input,Отвалообразователь - Конвейер (210-239),210.15,РЕЗЕРВ,Резерв,
Input,Отвалообразователь - Конвейер (210-239),211.0,РЕЗЕРВ,Резерв,
Input,Отвалообразователь - Конвейер (210-239),211.1,РЕЗЕРВ,Резерв,
Input,Отвалообразователь - Конвейер (210-239),211.2,РЕЗЕРВ,Резерв,
Input,Отвалообразователь - Конвейер (210-239),211.3,РЕЗЕРВ,Резерв,
Input,Отвалообразователь - Конвейер (210-239),211.4,РЕЗЕРВ,Резерв,
Input,Отвалообразователь - Конвейер (210-239),211.5,РЕЗЕРВ,Резерв,
Input,Отвалообразователь - Конвейер (210-239),211.6,РЕЗЕРВ,Резерв,
Input,Отвалообразователь - Конвейер (210-239),211.7,РЕЗЕРВ,Резерв,
Input,Отвалообразователь - Конвейер (210-239),211.8,РЕЗЕРВ,Резерв,
Input,Отвалообразователь - Конвейер (210-239),211.9,РЕЗЕРВ,Резерв,
Input,Отвалообразователь - Конвейер (210-239),211.10,РЕЗЕРВ,Резерв,
Input,Отвалообразователь - Конвейер (210-239),211.11,РЕЗЕРВ,Резерв,
Input,Отвалообразователь - Конвейер (210-239),211.12,РЕЗЕРВ,Резерв,
Input,Отвалообразователь - Конвейер (210-239),211.13,РЕЗЕРВ,Резерв,
Input,Отвалообразователь - Конвейер (210-239),211.14,РЕЗЕРВ,Резерв,
Input,Отвалообразователь - Конвейер (210-239),211.15,РЕЗЕРВ,Резерв,
Input,Отвалообразователь - Конвейер (210-239),212-213,REAL,stDumper.MotorConveyor[1].VFD.qrOutFrequency,Конвейер 1 - выходная частота
Input,Отвалообразователь - Конвейер (210-239),214-215,REAL,stDumper.MotorConveyor[1].VFD.rActualFrequency,Конвейер 1 - фактическая частота
Input,Отвалообразователь - Конвейер (210-239),216-217,REAL,stDumper.MotorConveyor[1].VFD.wMotorCurrent.rTag,Конвейер 1 - ток
Input,Отвалообразователь - Конвейер (210-239),218-219,REAL,stDumper.MotorConveyor[2].VFD.qrOutFrequency,Конвейер 2 - выходная частота
Input,Отвалообразователь - Конвейер (210-239),220-221,REAL,stDumper.MotorConveyor[2].VFD.rActualFrequency,Конвейер 2 - фактическая частота
Input,Отвалообразователь - Конвейер (210-239),222-223,REAL,stDumper.MotorConveyor[2].VFD.wMotorCurrent.rTag,Конвейер 2 - ток
Input,Отвалообразователь - Конвейер (210-239),224,INT,eDumperStage,Стадия отвалообразователя (E_StageWithPreStartAlarm)
Input,Отвалообразователь - Конвейер (210-239),225,INT,eDumperStageToSCADA,Стадия отвалообразователя для SCADA
Input,Отвалообразователь - Конвейер (210-239),226-239,-,РЕЗЕРВ,Резерв для конвейера отвала
Input,Отвалообразователь - Поворот (240-269),240.0,stDumper.fbBtnTurnLeft.qxSignal,"Кнопка ""Поворот влево""",
Input,Отвалообразователь - Поворот (240-269),240.1,stDumper.fbBtnTurnRight.qxSignal,"Кнопка ""Поворот вправо""",
Input,Отвалообразователь - Поворот (240-269),240.2,stDumper.fbEndSwitchRight.qxSignal,Концевик крайнего правого положения,
Input,Отвалообразователь - Поворот (240-269),240.3,stDumper.fbEndSwitchLeft.qxSignal,Концевик крайнего левого положения,
Input,Отвалообразователь - Поворот (240-269),240.4,РЕЗЕРВ,Резерв,
Input,Отвалообразователь - Поворот (240-269),240.5,РЕЗЕРВ,Резерв,
Input,Отвалообразователь - Поворот (240-269),240.6,РЕЗЕРВ,Резерв,
Input,Отвалообразователь - Поворот (240-269),240.7,РЕЗЕРВ,Резерв,
Input,Отвалообразователь - Поворот (240-269),240.8,РЕЗЕРВ,Резерв,
Input,Отвалообразователь - Поворот (240-269),240.9,РЕЗЕРВ,Резерв,
Input,Отвалообразователь - Поворот (240-269),240.10,РЕЗЕРВ,Резерв,
Input,Отвалообразователь - Поворот (240-269),240.11,РЕЗЕРВ,Резерв,
Input,Отвалообразователь - Поворот (240-269),240.12,РЕЗЕРВ,Резерв,
Input,Отвалообразователь - Поворот (240-269),240.13,РЕЗЕРВ,Резерв,
Input,Отвалообразователь - Поворот (240-269),240.14,РЕЗЕРВ,Резерв,
Input,Отвалообразователь - Поворот (240-269),240.15,РЕЗЕРВ,Резерв,
Input,Отвалообразователь - Поворот (240-269),241.0,РЕЗЕРВ,Резерв,
Input,Отвалообразователь - Поворот (240-269),241.1,РЕЗЕРВ,Резерв,
Input,Отвалообразователь - Поворот (240-269),241.2,РЕЗЕРВ,Резерв,
Input,Отвалообразователь - Поворот (240-269),241.3,РЕЗЕРВ,Резерв,
Input,Отвалообразователь - Поворот (240-269),241.4,РЕЗЕРВ,Резерв,
Input,Отвалообразователь - Поворот (240-269),241.5,РЕЗЕРВ,Резерв,
Input,Отвалообразователь - Поворот (240-269),241.6,РЕЗЕРВ,Резерв,
Input,Отвалообразователь - Поворот (240-269),241.7,РЕЗЕРВ,Резерв,
Input,Отвалообразователь - Поворот (240-269),241.8,РЕЗЕРВ,Резерв,
Input,Отвалообразователь - Поворот (240-269),241.9,РЕЗЕРВ,Резерв,
Input,Отвалообразователь - Поворот (240-269),241.10,РЕЗЕРВ,Резерв,
Input,Отвалообразователь - Поворот (240-269),241.11,РЕЗЕРВ,Резерв,
Input,Отвалообразователь - Поворот (240-269),241.12,РЕЗЕРВ,Резерв,
Input,Отвалообразователь - Поворот (240-269),241.13,РЕЗЕРВ,Резерв,
Input,Отвалообразователь - Поворот (240-269),241.14,РЕЗЕРВ,Резерв,
Input,Отвалообразователь - Поворот (240-269),241.15,РЕЗЕРВ,Резерв,
Input,Отвалообразователь - Поворот (240-269),242-243,REAL,stDumper.MotorRotation[1].VFD.qrOutFrequency,Поворот 1 - выходная частота
Input,Отвалообразователь - Поворот (240-269),244-245,REAL,stDumper.MotorRotation[1].VFD.rActualFrequency,Поворот 1 - фактическая частота
Input,Отвалообразователь - Поворот (240-269),246-247,REAL,stDumper.MotorRotation[1].VFD.wMotorCurrent.rTag,Поворот 1 - ток
Input,Отвалообразователь - Поворот (240-269),248-249,REAL,stDumper.MotorRotation[2].VFD.qrOutFrequency,Поворот 2 - выходная частота
Input,Отвалообразователь - Поворот (240-269),250-251,REAL,stDumper.MotorRotation[2].VFD.rActualFrequency,Поворот 2 - фактическая частота
Input,Отвалообразователь - Поворот (240-269),252-253,REAL,stDumper.MotorRotation[2].VFD.wMotorCurrent.rTag,Поворот 2 - ток
Input,Отвалообразователь - Поворот (240-269),254-269,-,РЕЗЕРВ,Резерв для поворота отвала
Input,Конвейер (270-299),270.0,stConveyor.xStateWarning,Предупреждение конвейера,
Input,Конвейер (270-299),270.1,stConveyor.xStateFailure,Авария конвейера,
Input,Конвейер (270-299),270.2,stConveyor.xStateEnable,Конвейер полностью запущен,
Input,Конвейер (270-299),270.3,stConveyor.xStateStarting,Процесс запуска,
Input,Конвейер (270-299),270.4,stConveyor.fbBtnStart.qxSignal,"Кнопка ""Пуск""",
Input,Конвейер (270-299),270.5,stConveyor.fbBtnStop.qxSignal,"Кнопка ""Стоп""",
Input,Конвейер (270-299),270.6,stConveyor.fbBtnEmergencyStop.qxSignal,"Кнопка ""Аварийная остановка""",
Input,Конвейер (270-299),270.7,stConveyor.xHLA,Световая сигнализация,
Input,Конвейер (270-299),270.8,stConveyor.xSoundAlarm,Звуковая сигнализация,
Input,Конвейер (270-299),270.9,stConveyor.fbYE1.qxSignal,Металлодетектор (1 - норма),
Input,Конвейер (270-299),270.10,РЕЗЕРВ,Резерв,
Input,Конвейер (270-299),270.11,РЕЗЕРВ,Резерв,
Input,Конвейер (270-299),270.12,РЕЗЕРВ,Резерв,
Input,Конвейер (270-299),270.13,РЕЗЕРВ,Резерв,
Input,Конвейер (270-299),270.14,РЕЗЕРВ,Резерв,
Input,Конвейер (270-299),270.15,РЕЗЕРВ,Резерв,
Input,Конвейер (270-299),271.0,РЕЗЕРВ,Резерв,
Input,Конвейер (270-299),271.1,РЕЗЕРВ,Резерв,
Input,Конвейер (270-299),271.2,РЕЗЕРВ,Резерв,
Input,Конвейер (270-299),271.3,РЕЗЕРВ,Резерв,
Input,Конвейер (270-299),271.4,РЕЗЕРВ,Резерв,
Input,Конвейер (270-299),271.5,РЕЗЕРВ,Резерв,
Input,Конвейер (270-299),271.6,РЕЗЕРВ,Резерв,
Input,Конвейер (270-299),271.7,РЕЗЕРВ,Резерв,
Input,Конвейер (270-299),271.8,РЕЗЕРВ,Резерв,
Input,Конвейер (270-299),271.9,РЕЗЕРВ,Резерв,
Input,Конвейер (270-299),271.10,РЕЗЕРВ,Резерв,
Input,Конвейер (270-299),271.11,РЕЗЕРВ,Резерв,
Input,Конвейер (270-299),271.12,РЕЗЕРВ,Резерв,
Input,Конвейер (270-299),271.13,РЕЗЕРВ,Резерв,
Input,Конвейер (270-299),271.14,РЕЗЕРВ,Резерв,
Input,Конвейер (270-299),271.15,РЕЗЕРВ,Резерв,
Input,Конвейер (270-299),272-273,REAL,stConveyor.MotorConveyor[1].VFD.qrOutFrequency,Конвейер 1 - выходная частота
Input,Конвейер (270-299),274-275,REAL,stConveyor.MotorConveyor[1].VFD.rActualFrequency,Конвейер 1 - фактическая частота
Input,Конвейер (270-299),276-277,REAL,stConveyor.MotorConveyor[1].VFD.wMotorCurrent.rTag,Конвейер 1 - ток
Input,Конвейер (270-299),278-279,REAL,stConveyor.MotorConveyor[2].VFD.qrOutFrequency,Конвейер 2 - выходная частота
Input,Конвейер (270-299),280-281,REAL,stConveyor.MotorConveyor[2].VFD.rActualFrequency,Конвейер 2 - фактическая частота
Input,Конвейер (270-299),282-283,REAL,stConveyor.MotorConveyor[2].VFD.wMotorCurrent.rTag,Конвейер 2 - ток
Input,Конвейер (270-299),284,INT,eConveyorStage,Стадия конвейера (E_StageWithPreStartAlarm)
Input,Конвейер (270-299),285,INT,eConveyorStageToSCADA,Стадия конвейера для SCADA
Input,Конвейер (270-299),286-299,-,РЕЗЕРВ,Резерв для конвейера
